<?xml version="1.0"?>
<catalog>
   
   <book id="bk101">
      <author>Rowling, JK</author>
      <title>Harry Potter and the Deathly Hallows</title>
      <genre>Fiction</genre>
      <price>$44.95</price>
   </book>
   
   <book id="bk102">
      <author>Hawking, Stephen</author>
      <title>A Brief History of Time</title>
      <genre>Science</genre>
      <price>$5.95</price>
   </book>
   
   <book id="bk103">
      <author>Brown, Dan</author>
      <title>The Lost Symbol</title>
      <genre>Mystery</genre>
      <price>$20.95</price>
   </book>

   <book id="bk104">
      <author>Sheldon, Sidney</author>
      <title>The Doomsday Conspiracy</title>
      <genre>Sci Fi</genre>
      <price>$10.95</price>
   </book>

</catalog>